id,Favorite_Music,Gender
200,Rock,F
201,HipHop,F
202,Rock,F
203,Traditional,F
204,Rock,F
205,JazzBlues,F
206,Pop,F
207,Pop,F
208,Rock,F
209,Pop,F
210,Pop,F
211,Pop,F
212,Pop,F
213,Electronic,F
214,Rock,F
215,JazzBlues,F
216,,F
217,Rock,F
218,Rock,F
219,Pop,F
220,Pop,F
221,JazzBlues,F
222,Rock,F
223,Pop,F
224,Traditional,F
225,RNB,F
226,Pop,F
227,Pop,F
228,Pop,F
229,Electronic,F
230,Rock,F
231,Rock,F
232,RNB,F
233,RNB,M
234,HipHop,M
235,Electronic,M
236,Rock,M
237,Pop,M
238,Pop,M
239,Rock,M
240,Rock,M
241,,M
242,RNB,M
243,Rock,M
244,Traditional,M
245,HipHop,M
246,HipHop,M
247,RNB,M
248,Rock,M
249,HipHop,M
250,RNB,M
251,Rock,M
252,HipHop,M
253,Rock,M
254,Electronic,M
255,Electronic,M
256,Traditional,M
257,Electronic,M
258,JazzBlues,M
259,Pop,M
260,Electronic,M
261,Rock,M
262,HipHop,M
263,HipHop,M
264,Rock,M
265,Electronic,M
